feature,dtype,provenance_type,missing_count,missing_pct,min,p1,p5,p25,median,mean,std,p75,p95,p99,max,zeros_count,zeros_pct
age,int64,DIRECT_NHANES,0,0.0,8.0,8.0,9.0,18.0,37.0,38.9,22.19,58.0,78.0,80.0,80.0,0,0.0
sex,int64,DIRECT_NHANES,0,0.0,1.0,1.0,1.0,1.0,1.0,1.5,0.5,2.0,2.0,2.0,2.0,0,0.0
diabetes,int64,DERIVED_FROM_NHANES,0,0.0,0.0,0.0,0.0,0.0,0.0,0.1,0.3,0.0,1.0,1.0,1.0,5433,90.05
systolic_bp,int64,DERIVED_FROM_NHANES,0,0.0,74.0,87.0,94.0,106.0,116.0,118.43,18.14,128.0,153.0,173.0,233.0,0,0.0
diastolic_bp,int64,DERIVED_FROM_NHANES,0,0.0,14.0,34.0,44.0,59.0,68.0,66.97,13.21,76.0,88.0,99.0,116.0,0,0.0
activity_mims,int64,DERIVED_FROM_NHANES,0,0.0,0.0,903.0,4208.6,8577.0,11034.0,11040.02,3963.46,13627.0,17423.8,20232.44,33379.0,1,0.02
n_medications,int64,DERIVED_FROM_NHANES,0,0.0,0.0,0.0,0.0,0.0,0.0,1.63,2.6,2.0,7.0,12.0,19.0,3137,52.0
adherence_pct,float64,BENCHMARK_AUGMENTED,0,0.0,5.0,5.0,13.1,32.3,44.0,43.67,17.33,55.4,71.9,82.87,95.0,0,0.0
pain_score,float64,BENCHMARK_AUGMENTED,0,0.0,0.0,0.0,0.0,0.0,0.0,1.0,1.79,1.3,5.1,6.8,9.6,4189,69.43
