patient_id,age,sex,diabetes,systolic_bp,diastolic_bp,activity_mims,n_medications,adherence_pct,pain_score
SYN-000001,80,2,1,164,91,6155,4,23.6,4.3
SYN-000002,51,1,1,127,69,7775,6,39.2,5.3
SYN-000003,50,2,1,128,61,12896,6,37.5,3.4
SYN-000004,40,1,1,114,68,8578,1,24.2,5.5
SYN-000005,57,1,1,114,70,8685,3,6.5,0.0
SYN-000006,50,1,1,127,40,11258,6,15.3,5.7
SYN-000007,53,1,1,114,69,5423,2,27.9,4.3
SYN-000008,66,2,1,121,74,7171,5,33.6,2.5
SYN-000009,80,1,1,149,88,10296,5,41.2,4.6
SYN-000010,62,2,1,122,87,9705,4,15.7,2.9
SYN-000011,75,1,1,130,78,8717,3,29.1,0.0
SYN-000012,50,2,1,109,55,15013,2,16.7,3.1
SYN-000013,44,2,1,100,57,14689,4,25.0,5.1
SYN-000014,70,2,1,123,62,12444,17,51.8,0.0
SYN-000015,80,2,1,155,71,3340,2,52.5,4.3
SYN-000016,67,2,1,120,69,5609,9,32.0,3.1
SYN-000017,49,1,1,131,63,11851,2,24.4,2.6
SYN-000018,66,2,1,113,55,6784,6,34.1,0.0
SYN-000019,73,1,1,137,61,10126,0,31.9,4.0
SYN-000020,71,1,1,111,49,7711,6,37.3,0.0
SYN-000021,75,1,1,139,83,8658,5,32.6,0.0
SYN-000022,68,1,1,136,56,12480,12,35.7,2.0
SYN-000023,62,1,1,124,75,13973,3,33.8,4.2
SYN-000024,63,1,1,121,81,9377,7,34.8,3.8
SYN-000025,80,2,1,142,76,12051,5,36.7,0.0
SYN-000026,79,2,1,131,86,7455,6,52.1,4.4
SYN-000027,63,1,1,142,81,9850,7,32.2,0.0
SYN-000028,16,1,1,106,71,3714,8,24.8,5.6
SYN-000029,80,1,1,138,69,1025,10,36.5,2.7
SYN-000030,61,2,1,116,64,3428,8,19.0,0.0
SYN-000031,43,1,1,141,76,15547,1,22.6,6.6
SYN-000032,45,1,1,127,56,588,4,15.7,7.2
SYN-000033,61,1,1,117,57,7540,2,33.5,4.9
SYN-000034,79,1,1,110,73,8398,8,57.2,3.9
SYN-000035,40,1,1,124,50,6888,8,23.8,4.2
SYN-000036,50,1,1,131,72,8061,5,17.6,0.0
SYN-000037,80,2,1,135,85,6999,13,36.5,4.5
SYN-000038,19,2,1,136,53,14146,4,7.9,0.0
SYN-000039,80,1,1,123,59,5409,17,12.2,2.4
SYN-000040,70,2,1,156,73,8514,17,2.3,3.4
SYN-000041,80,2,1,153,77,12168,7,70.3,5.6
SYN-000042,57,1,1,140,87,9151,5,36.8,4.5
SYN-000043,25,2,1,120,65,3071,6,11.6,0.0
SYN-000044,28,1,1,113,70,13359,0,10.6,3.9
SYN-000045,80,2,1,153,80,7315,8,68.8,5.1
SYN-000046,71,2,1,131,58,7268,4,44.7,3.0
SYN-000047,57,2,1,130,72,5451,9,22.0,0.0
SYN-000048,66,2,1,119,80,13314,3,28.6,2.3
SYN-000049,79,2,1,138,79,6942,10,47.2,2.2
SYN-000050,39,1,1,128,57,8769,1,6.6,0.0
