age,sex,diabetes,systolic_bp,diastolic_bp,activity_mims,n_medications,adherence_pct,pain_score
36,2,1,110,56,15505,1,25.6,0.2
64,2,1,134,83,13646,2,42.4,6.3
32,2,1,102,69,9067,0,49.9,0.0
25,1,1,91,58,12859,0,18.1,1.3
47,2,1,112,63,14189,0,51.0,0.4
56,1,1,129,71,15237,0,59.8,1.5
58,2,1,123,80,9172,2,41.6,0.1
92,1,1,120,70,13333,2,57.1,3.3
87,1,1,127,85,6344,2,57.0,0.1
68,1,1,159,81,6725,3,13.1,0.0
50,2,1,90,45,9169,0,37.2,0.0
28,1,1,135,60,11152,0,45.0,0.9
66,1,1,102,66,6840,1,62.6,0.7
47,2,1,107,67,10321,12,44.8,0.5
50,2,1,87,50,15747,1,47.9,0.9
82,1,1,105,45,17711,0,75.4,0.6
43,2,1,103,45,5684,6,33.4,1.7
78,2,1,131,88,9310,1,17.2,0.9
67,2,1,122,68,14277,0,40.4,1.1
27,1,1,91,60,6981,1,24.9,6.0
27,1,1,117,47,19122,0,35.6,0.0
63,2,1,96,72,6814,4,26.8,0.0
59,1,1,157,77,17745,1,17.5,0.5
90,2,1,134,80,14183,0,33.9,0.2
87,1,1,126,100,4109,1,54.8,0.1
27,2,1,89,45,19634,0,5.0,0.0
54,1,1,147,71,3048,0,59.8,1.4
47,1,1,120,58,6197,0,22.7,0.1
61,1,1,118,55,6660,0,19.6,0.4
63,1,1,95,60,6207,2,8.8,0.0
90,1,1,114,66,13450,2,22.6,0.2
48,2,1,129,61,8455,6,16.4,1.3
49,2,1,138,81,9948,0,40.7,4.0
33,2,1,99,84,18882,0,13.1,0.8
40,2,1,115,67,16970,0,50.2,0.3
83,1,1,127,95,13705,0,56.4,0.5
37,2,1,110,68,14125,0,24.1,0.5
60,1,1,120,84,8922,1,33.9,0.0
60,2,1,110,54,8629,2,14.7,0.8
44,2,1,115,83,5632,0,46.3,0.0
91,2,1,139,62,3026,0,42.2,0.0
92,2,1,140,76,8374,7,53.2,1.0
69,2,1,144,77,8043,3,31.9,2.9
92,2,1,106,63,7500,2,45.4,0.0
88,2,1,117,80,3139,2,69.3,1.1
79,2,1,139,82,8724,2,31.7,0.7
80,2,1,126,68,6783,0,44.9,0.5
92,1,1,148,90,5847,0,79.0,0.0
43,2,1,118,64,12893,1,33.8,0.0
47,1,1,129,77,16434,0,36.9,0.0
69,2,1,123,50,9055,9,5.0,4.0
69,1,1,106,50,5121,3,22.8,0.2
46,1,1,123,81,3429,0,39.5,0.0
31,2,1,95,79,8634,0,24.6,1.3
25,2,1,98,48,21669,0,10.0,0.0
87,1,1,135,100,2539,0,44.2,0.7
25,2,1,97,52,10189,0,38.4,0.1
38,2,1,96,70,3093,0,78.5,0.3
25,2,1,85,45,18012,0,38.4,0.0
28,2,1,111,45,12460,0,36.1,1.6
91,1,1,142,74,8636,0,39.5,0.2
91,2,1,122,96,10897,2,44.6,0.0
39,2,1,115,67,14546,0,21.5,0.0
90,2,1,136,81,4523,10,69.6,1.2
27,1,1,112,51,13076,0,34.3,0.0
69,1,1,120,67,5236,0,32.1,2.8
78,1,1,150,81,15624,0,38.0,0.0
39,1,1,120,85,13179,0,28.7,0.2
26,1,1,100,45,20510,0,23.0,0.3
63,2,1,112,72,11164,1,36.1,1.3
29,2,1,96,47,12612,0,22.1,2.9
82,1,1,128,88,19200,0,53.5,0.8
92,1,1,128,72,6696,0,24.6,0.6
86,1,1,108,61,2672,2,36.8,0.0
34,2,1,129,45,10697,1,21.4,0.0
88,2,1,134,88,6251,7,35.3,1.9
57,2,1,103,48,15341,3,46.1,0.1
60,2,1,153,101,3657,0,55.4,0.2
79,1,1,151,78,16413,0,41.7,0.4
29,1,1,106,47,4425,0,19.0,4.2
38,1,1,122,60,5618,0,28.8,0.9
76,2,1,125,55,6596,0,17.2,2.5
92,2,1,136,84,3095,0,63.8,0.6
72,2,1,114,61,13571,3,28.4,0.8
34,1,1,109,78,9334,1,23.5,1.0
88,2,1,132,64,9276,2,34.3,1.8
28,2,1,112,77,10723,8,35.4,0.0
29,2,1,109,67,14812,0,32.6,6.8
48,1,1,100,63,15481,0,38.4,0.0
92,2,1,118,63,6538,0,60.2,0.0
44,2,1,120,54,4280,1,58.4,0.3
85,2,1,110,83,9348,1,53.3,0.0
83,2,1,111,70,10790,0,69.5,2.0
92,2,1,112,89,11492,4,41.3,1.1
27,2,1,123,69,14597,0,20.2,0.1
92,1,1,158,96,8929,1,43.8,0.7
62,1,1,162,75,11810,0,65.7,3.8
84,1,1,106,48,16204,0,47.1,0.0
44,1,1,116,65,13482,0,42.0,6.4
29,1,1,107,68,8379,0,33.2,0.0
48,2,1,121,84,3372,0,48.7,4.8
88,2,1,134,92,10160,0,46.3,0.1
32,2,1,104,45,18632,0,51.3,0.0
28,2,1,95,47,6693,0,21.8,0.0
46,2,1,131,75,5665,0,33.3,0.3
69,1,1,113,71,17393,0,45.7,2.2
92,1,1,120,81,9564,3,55.3,1.2
83,1,1,139,60,15459,1,43.7,0.5
88,1,1,124,79,12554,0,62.4,0.0
82,2,1,125,70,5119,0,42.5,0.0
58,2,1,116,66,17963,0,42.2,0.2
88,1,1,97,50,10237,0,46.7,0.1
92,2,1,154,100,10685,3,45.6,0.0
37,1,1,119,74,10065,1,40.0,0.7
92,2,1,105,75,9116,0,58.5,0.1
28,2,1,92,48,15948,1,16.8,0.0
73,2,1,130,75,7956,1,40.0,6.5
63,1,1,124,80,9974,1,31.9,0.4
75,1,1,107,56,6056,2,51.6,5.6
87,1,1,123,64,9015,8,36.0,2.9
47,1,1,131,55,9224,5,24.9,1.6
79,1,1,126,80,9646,0,29.4,0.9
55,2,1,114,53,6742,2,42.5,0.0
52,2,1,123,64,11741,1,30.9,2.1
86,1,1,134,53,11587,1,28.0,0.7
69,1,1,118,84,8559,1,49.4,0.3
34,2,1,106,57,13654,0,62.7,0.0
30,1,1,108,59,16091,0,9.7,0.0
44,1,1,117,69,9152,0,54.0,1.0
73,1,1,125,60,6777,1,29.5,0.6
41,2,1,107,74,5850,0,36.1,0.0
35,1,1,122,78,9270,0,13.6,0.0
79,1,1,144,67,23021,1,35.5,1.4
67,1,1,105,75,10257,0,45.1,0.5
75,2,1,114,71,13661,6,51.4,1.1
29,1,1,121,63,14895,0,44.7,0.0
26,1,1,105,48,11017,0,34.6,0.0
92,2,1,161,60,5548,0,71.5,0.4
41,2,1,127,74,10703,8,31.6,0.2
69,2,1,120,76,11776,0,52.1,0.0
35,2,0,114,46,10355,0,50.8,0.0
25,1,0,108,56,13976,0,54.8,0.0
34,2,0,116,76,9231,0,47.7,0.0
36,1,0,88,49,7985,0,51.7,0.4
83,2,0,111,65,6122,0,55.9,0.0
79,1,0,136,70,7428,0,39.7,8.5
71,2,0,118,81,8909,1,50.5,0.1
73,1,0,105,56,6590,0,54.5,0.1
92,1,0,130,79,12237,0,51.6,2.6
42,2,0,86,50,11416,0,45.5,0.0
49,2,0,134,63,9098,0,40.5,0.0
25,1,0,86,45,9892,0,11.5,0.4
61,1,0,114,70,10219,8,37.0,0.5
60,2,0,121,76,7585,5,65.2,0.0
52,1,0,101,72,16507,0,57.5,0.0
29,2,0,122,78,8882,0,74.4,0.0
29,1,0,92,47,14177,0,66.4,0.0
45,1,0,130,73,11789,0,41.6,0.2
31,1,0,108,73,11284,0,41.6,0.2
92,1,0,139,73,9648,0,71.2,0.1
76,1,0,142,85,12173,0,55.0,0.0
63,2,0,120,52,14317,0,55.8,0.0
67,1,0,109,65,10606,0,30.8,0.3
75,1,0,124,80,11068,0,58.3,0.2
83,1,0,123,78,9605,0,43.8,0.3
26,2,0,101,55,15863,0,37.4,1.4
91,2,0,151,76,6989,5,40.6,2.5
92,1,0,169,68,5759,1,58.6,0.0
85,2,0,137,82,9594,0,55.4,0.5
52,2,0,107,60,10005,0,58.8,0.0
56,2,0,119,84,6948,0,33.7,6.5
68,1,0,203,78,9727,0,45.2,1.9
81,2,0,99,55,2254,0,37.9,0.0
27,2,0,118,91,14295,0,66.9,0.0
69,2,0,118,95,9880,9,51.8,0.1
43,2,0,122,71,6499,1,49.5,0.0
34,1,0,112,83,16632,0,22.3,0.4
35,2,0,106,55,21689,0,73.6,1.9
45,1,0,109,81,11092,0,52.3,5.3
51,2,0,147,76,7626,0,17.7,2.2
43,1,0,110,45,19968,0,40.1,0.3
64,2,0,129,69,5031,1,44.7,0.2
52,1,0,92,62,16893,0,55.8,0.0
52,2,0,141,61,4537,4,48.2,0.4
71,2,0,98,53,5136,1,37.8,0.4
26,1,0,130,66,9440,0,9.9,0.0
29,1,0,125,59,15947,1,45.8,0.0
27,2,0,92,45,7456,2,27.7,0.1
88,1,0,117,77,9492,2,46.0,1.8
57,2,0,119,90,6328,0,81.7,0.2
69,1,0,101,51,8746,0,69.7,0.0
52,2,0,125,73,8769,2,52.7,0.3
52,1,0,99,58,9339,2,37.5,0.0
58,1,0,121,51,5114,0,30.0,0.3
83,2,0,135,75,17471,0,52.6,0.0
86,2,0,147,77,10705,2,72.7,0.0
32,1,0,114,68,17299,0,48.1,0.1
30,1,0,97,79,14724,0,83.0,0.2
82,1,0,103,80,4180,0,50.2,5.8
87,2,0,128,63,5080,1,21.3,3.8
52,2,0,158,94,9740,1,60.8,0.0
84,2,0,132,90,9490,0,30.5,2.1
76,1,0,113,77,9449,1,45.5,0.2
42,2,0,153,85,15155,0,23.4,0.8
49,2,0,107,54,9542,0,64.7,0.8
48,2,0,118,75,11446,0,69.6,0.1
37,1,0,112,71,18316,0,49.1,0.0
92,1,0,143,52,13416,0,75.3,0.1
39,1,0,124,58,14919,0,32.2,0.0
36,1,0,110,61,9778,0,26.2,0.0
53,2,0,126,80,2767,0,30.9,0.0
42,2,0,144,74,16375,0,23.1,0.2
39,1,0,114,53,7139,0,37.2,1.2
52,2,0,110,81,3771,0,47.0,0.0
73,2,0,139,77,10558,0,30.7,0.9
73,1,0,110,72,12316,0,73.3,0.1
78,1,0,138,76,8073,0,95.0,0.3
92,2,0,109,74,5750,0,60.2,0.3
71,1,0,104,52,6924,1,27.5,0.1
26,2,0,91,45,9980,0,33.9,0.0
82,1,0,126,64,9012,0,37.6,1.4
38,2,0,122,77,13529,0,47.1,0.7
84,1,0,116,63,2509,1,47.0,0.0
42,2,0,113,68,9409,0,42.2,0.5
83,1,0,142,68,13371,0,24.8,0.0
50,2,0,134,66,10555,0,53.3,0.0
56,1,0,119,74,12228,0,45.9,0.0
48,2,0,108,62,9268,0,17.2,0.0
57,2,0,100,72,7349,0,34.3,0.2
89,1,0,161,85,5600,0,62.1,0.5
40,1,0,124,80,12510,0,58.8,1.9
87,1,0,151,93,16183,0,49.8,0.0
71,2,0,104,75,14460,0,45.4,0.0
35,2,0,102,72,10883,0,32.0,0.5
42,1,0,90,54,6831,0,44.7,0.3
60,2,0,142,83,11615,0,34.3,8.6
31,1,0,127,67,16745,0,73.0,0.3
56,2,0,108,67,9988,0,47.8,0.3
58,2,0,128,91,9596,0,30.3,0.7
85,2,0,113,55,7631,1,34.8,0.6
61,1,0,122,73,14502,0,57.9,1.4
28,2,0,104,57,13171,2,29.3,2.6
37,2,0,115,45,10765,0,31.9,1.5
46,1,0,123,73,11314,0,42.4,0.1
92,2,0,172,71,4479,4,45.8,0.1
48,2,0,114,73,6713,0,71.7,0.0
44,2,0,149,80,9382,1,59.2,0.0
31,2,0,112,70,11294,0,50.6,0.5
46,1,0,87,47,8758,0,30.2,0.1
36,2,0,114,64,12400,0,57.5,0.0
57,2,0,132,85,6486,1,30.6,0.2
80,2,0,124,70,13984,2,72.8,0.0
48,2,0,115,80,18886,0,39.4,0.0
49,2,0,104,69,5575,1,58.0,0.0
91,2,0,128,76,15662,0,83.1,0.0
91,2,0,120,79,11881,1,84.8,0.1
56,2,0,117,63,5751,1,44.6,0.9
48,2,0,106,58,18444,0,49.4,0.0
88,1,0,123,64,9704,0,64.6,0.0
49,1,0,104,63,16988,0,42.1,4.5
34,1,0,113,67,8929,2,57.8,0.0
58,2,0,126,72,6526,0,43.9,5.5
72,1,0,156,45,5642,1,75.1,1.5
84,2,0,141,59,14270,1,19.3,0.0
32,1,0,101,53,8072,0,35.8,0.0
27,2,0,104,53,10745,0,45.2,0.0
25,2,0,124,67,11968,0,49.5,0.0
79,1,0,113,57,7005,0,29.2,1.1
35,2,0,116,70,19446,0,45.9,0.0
75,2,0,114,61,13150,0,70.6,0.5
44,1,0,101,60,11590,1,47.7,1.8
48,2,0,132,80,9274,0,48.8,0.0
26,2,0,90,70,11678,0,41.3,0.0
33,2,0,98,55,11328,0,34.1,2.1
47,2,0,116,58,9012,0,46.7,0.5
40,2,0,131,70,6212,3,11.0,0.1
80,2,0,170,93,12772,10,34.3,0.0
35,1,0,151,67,16203,0,43.1,0.1
67,2,0,134,59,16428,0,53.0,0.3
26,1,0,91,52,11114,0,54.3,0.0
56,2,0,101,79,8182,1,49.1,0.2
48,1,0,106,57,8990,2,40.7,0.0
65,2,0,116,60,11695,1,31.4,0.7
92,1,0,136,62,15483,1,38.0,0.0
57,1,0,134,87,9835,1,62.5,1.6
92,1,0,130,75,6749,9,69.8,0.0
43,2,0,114,55,18260,0,39.7,0.0
77,2,0,112,92,11011,0,92.8,0.1
60,1,0,114,60,14611,0,79.6,0.0
29,1,0,124,52,11884,0,5.0,0.0
61,2,0,112,57,12982,1,38.5,0.1
85,1,0,122,65,14797,3,51.5,0.0
43,1,0,135,100,14347,0,65.2,0.0
71,1,0,118,67,5611,0,40.5,0.0
31,1,0,110,70,10677,0,35.4,0.0
28,2,0,107,75,16192,0,79.9,0.0
34,1,0,107,74,12920,0,26.3,0.1
47,2,0,107,56,13204,0,34.5,0.7
45,1,0,107,74,17689,0,43.0,0.2
87,1,0,132,84,9565,5,26.9,0.0
70,1,0,121,57,5234,3,35.7,0.2
85,2,0,124,56,13038,0,74.4,0.9
65,1,0,149,76,12727,0,50.9,0.0
34,1,0,126,73,13210,0,65.4,0.0
32,2,0,101,51,13780,0,30.9,0.1
60,1,0,153,99,5663,0,51.5,0.6
38,2,0,111,54,6590,0,59.1,1.9
42,2,0,92,76,9437,0,40.9,0.2
50,2,0,110,76,6821,0,26.5,0.0
60,2,0,95,52,8975,0,53.2,0.1
63,2,0,116,50,8515,0,80.7,1.2
36,1,0,114,53,9593,0,32.6,0.0
41,2,0,124,79,12839,0,72.7,0.0
73,2,0,107,78,8721,0,48.8,4.9
35,2,0,114,75,7912,0,46.8,0.4
44,1,0,106,49,6113,0,56.4,0.2
64,2,0,135,53,12174,0,44.1,0.1
36,1,0,97,52,8156,0,17.4,0.1
56,2,0,128,76,8657,0,36.7,0.0
59,2,0,109,60,18754,1,44.9,0.4
29,2,0,110,70,17116,0,33.2,0.0
30,1,0,95,50,9600,0,32.7,0.1
28,1,0,102,60,11987,0,58.9,0.0
31,2,0,97,49,5202,0,46.3,0.0
59,2,0,121,56,10564,0,5.1,2.2
69,1,0,125,77,5711,1,68.7,5.0
53,2,0,120,66,6367,7,27.1,0.0
92,2,0,124,92,10197,1,60.5,0.0
33,2,0,115,82,11711,0,54.6,0.0
67,2,0,93,57,10895,0,71.5,6.2
65,2,0,128,65,2849,6,39.0,0.0
85,1,0,138,69,6264,0,70.5,0.0
38,2,0,112,84,11812,0,71.5,0.7
58,1,0,108,51,12108,1,45.5,0.0
38,1,0,122,56,9310,0,49.7,2.8
62,1,0,121,64,11133,0,51.3,0.0
62,1,0,106,66,7178,0,67.6,0.0
54,1,0,110,69,18277,0,47.9,0.8
80,2,0,134,74,17947,1,54.6,1.1
51,1,0,103,46,13330,0,44.6,0.3
44,2,0,105,45,8351,0,30.7,3.7
39,1,0,103,45,12183,0,54.2,1.3
90,1,0,143,81,6009,0,58.6,2.1
27,1,0,113,45,16491,0,49.6,0.3
80,2,0,142,89,12585,1,20.8,0.0
75,1,0,114,64,8429,0,59.6,0.0
45,2,0,112,63,14305,0,59.9,2.2
56,2,0,102,51,14942,1,46.7,2.4
49,2,0,170,70,13896,0,48.2,0.3
73,2,0,123,66,8096,0,21.5,0.0
88,2,0,114,60,13800,0,43.0,0.0
34,2,0,117,45,5706,0,21.2,2.1
25,1,0,126,72,13265,0,17.3,3.0
92,1,0,116,70,8158,0,71.5,0.0
58,2,0,108,73,6890,1,47.2,0.0
56,2,0,104,89,14314,0,31.9,0.1
68,1,0,108,89,9541,1,47.6,0.1
27,1,0,110,79,13819,0,68.9,0.0
87,1,0,144,51,7078,4,33.0,0.9
26,2,0,90,67,10679,0,33.2,0.0
77,1,0,137,71,9625,0,74.4,2.1
55,1,0,136,70,8770,0,52.0,0.0
67,1,0,123,56,17937,1,23.9,0.0
64,1,0,162,72,7546,0,37.5,0.3
47,2,0,96,62,14694,0,47.9,0.1
71,2,0,120,60,7510,1,54.8,0.4
38,2,0,105,61,20593,0,91.3,0.3
26,1,0,115,72,12750,0,38.1,1.6
43,2,0,114,73,7028,0,37.5,0.2
34,2,0,105,65,15922,0,51.5,1.1
68,2,0,122,67,12211,6,42.3,0.5
56,2,0,102,74,8576,0,87.9,0.0
36,1,0,118,45,14425,1,22.8,0.1
53,1,0,88,74,14663,0,44.7,0.7
40,1,0,111,84,12576,0,82.8,0.4
27,1,0,118,68,10695,1,17.9,1.0
32,2,0,110,84,13275,0,55.9,0.0
31,2,0,124,81,14950,0,38.2,0.4
92,2,0,142,60,12250,0,45.1,1.3
56,1,0,135,78,16946,1,61.5,0.0
41,1,0,128,76,14493,0,53.7,1.1
26,1,0,102,76,15378,0,44.5,0.0
40,1,0,110,78,8701,3,24.3,0.3
77,2,0,99,58,6712,2,54.8,2.6
85,1,0,133,69,6535,3,61.6,0.0
25,2,0,92,65,12826,0,19.6,0.1
44,2,0,96,49,4802,0,25.1,2.1
92,2,0,124,82,4057,4,22.1,1.0
35,1,0,109,76,13683,0,69.0,0.0
33,1,0,106,71,8366,0,33.4,0.0
42,1,0,128,93,3757,0,41.7,1.0
49,1,0,109,76,13068,0,57.5,0.0
91,1,0,134,78,10505,1,59.3,6.4
57,1,0,113,58,10791,0,46.2,0.2
38,2,0,92,45,16938,2,30.5,5.3
61,1,0,94,45,10509,0,33.2,0.0
76,1,0,117,76,10228,0,41.7,4.1
92,1,0,117,82,9105,1,43.5,0.0
55,1,0,124,68,6561,0,57.7,0.1
51,2,0,139,79,12683,0,74.7,0.6
30,2,0,99,60,11732,0,35.8,0.0
75,2,0,108,45,4768,0,50.2,0.5
63,1,0,143,79,1997,1,37.4,0.5
49,1,0,103,71,11346,0,57.5,2.9
58,1,0,124,79,10869,0,36.9,0.0
32,1,0,107,68,12579,0,95.0,1.0
70,1,0,114,59,3090,1,44.5,0.1
33,2,0,109,59,10978,0,51.3,0.0
47,2,0,102,56,13510,0,41.4,0.3
31,2,0,118,68,9454,0,38.1,0.3
26,2,0,94,57,20604,0,42.9,0.0
40,1,0,100,66,7364,0,50.6,0.3
44,2,0,133,86,13239,0,62.9,4.7
92,2,0,135,69,11153,1,60.1,0.0
51,1,0,112,81,13930,0,62.2,0.0
31,2,0,98,55,11809,0,36.5,0.0
56,2,0,127,59,7635,0,88.8,0.0
33,1,0,121,76,16046,2,10.6,0.0
87,1,0,167,89,10391,0,36.3,6.8
32,1,0,101,54,13914,0,29.2,0.0
46,1,0,105,65,10513,0,60.7,0.8
44,2,0,121,76,8663,0,62.2,0.0
28,2,0,107,61,12893,0,22.9,0.0
65,2,0,107,55,16979,0,53.5,0.0
33,2,0,94,66,11510,0,26.7,0.3
28,1,0,85,51,13648,0,48.9,0.0
31,2,0,121,72,9900,0,28.2,0.0
60,1,0,125,61,5826,0,75.1,0.8
27,1,0,100,49,18420,0,62.7,0.0
29,2,0,115,98,15495,0,63.8,0.0
27,1,0,99,51,17698,0,65.5,0.0
76,1,0,133,63,4720,0,67.0,0.0
73,1,0,125,57,15873,0,29.8,0.1
59,1,0,147,66,12271,1,63.8,1.9
50,1,0,95,73,14033,0,22.7,0.1
45,1,0,110,50,14135,0,53.8,2.2
90,2,0,135,79,9362,0,45.3,0.1
92,2,0,113,64,6452,1,38.4,0.2
44,1,0,129,53,15217,0,26.1,0.8
76,1,0,151,89,10998,0,63.8,0.1
32,2,0,102,69,11200,0,76.7,0.0
42,2,0,101,71,6951,1,66.4,0.0
25,2,0,110,68,12058,0,49.4,0.0
44,1,0,128,85,17158,0,47.6,4.5
63,2,0,105,46,11596,1,52.3,2.2
64,2,0,124,53,3448,1,51.1,1.3
88,1,0,102,59,9698,0,49.6,0.0
70,2,0,123,84,15904,1,75.4,0.0
33,1,0,116,60,6677,0,39.9,0.0
65,1,0,117,48,12237,0,48.9,2.0
25,1,0,100,57,10517,0,58.4,4.0
78,2,0,105,65,7354,0,53.9,1.5
32,1,0,111,71,17984,0,37.3,0.5
87,2,0,127,92,6694,0,76.4,0.3
81,1,0,155,87,8099,2,61.8,0.0
66,1,0,165,72,12002,4,50.8,1.9
47,1,0,132,82,7547,1,22.7,0.0
92,1,0,133,62,6947,0,42.1,0.1
66,1,0,124,92,8937,0,60.7,1.5
44,2,0,104,55,15289,0,55.1,0.1
77,1,0,129,88,5834,0,53.2,2.1
47,2,0,102,76,16638,0,54.2,0.3
83,1,0,119,55,5245,0,56.5,1.4
25,1,0,95,74,10037,0,5.0,0.0
37,2,0,109,77,16167,0,32.3,0.0
44,1,0,98,54,13358,0,40.4,0.0
45,1,0,108,74,12780,0,28.9,0.0
56,2,0,131,57,7229,0,53.0,0.2
31,2,0,104,50,9397,0,24.1,0.3
32,1,0,134,76,23373,0,58.9,0.1
42,1,0,111,71,10706,4,29.7,0.0
48,2,0,136,73,10675,0,51.4,0.0
60,1,0,101,61,14702,0,83.6,0.3
73,1,0,111,73,12998,0,63.8,2.5
72,2,0,142,111,8585,4,31.1,0.1
81,2,0,123,73,16497,1,83.5,0.0
46,1,0,112,74,10985,0,52.0,0.5
27,1,0,118,53,9507,0,50.8,0.0
66,2,0,98,53,4020,1,35.0,0.3
31,2,0,124,72,20784,4,45.2,0.5
73,2,0,126,86,7346,4,47.2,0.1
79,1,0,142,77,8380,0,95.0,0.7
76,2,0,117,80,12454,8,25.3,0.0
61,2,0,97,62,8314,1,22.8,1.6
45,2,0,119,54,7895,3,5.0,5.3
82,1,0,125,64,8904,0,60.7,0.0
85,2,0,116,62,6524,0,36.2,0.1
74,1,0,142,79,14069,0,58.6,3.8
86,1,0,141,75,7737,6,46.8,0.0
78,2,0,144,75,8416,0,39.1,0.0
67,1,0,109,77,11251,0,54.7,2.4
66,2,0,111,50,10084,2,24.3,0.0
68,1,0,140,93,7074,2,48.0,0.0
42,1,0,129,71,13693,0,52.8,1.4
41,1,0,104,71,7634,0,45.3,0.4
41,1,0,106,68,19920,1,20.8,0.3
75,1,0,97,90,5103,0,44.2,0.0
25,2,0,95,78,15022,0,21.5,0.1
30,2,0,106,59,9336,0,30.9,0.1
92,2,0,105,51,6391,3,61.4,0.2
27,2,0,115,64,8272,0,44.0,0.1
31,1,0,108,74,12459,1,59.1,0.0
42,1,0,116,64,9805,0,39.7,0.1
92,1,0,117,74,2417,1,59.6,0.0
43,2,0,118,76,15381,0,58.9,0.4
25,2,0,86,57,20334,0,52.2,0.1
90,1,0,127,63,6337,0,50.2,0.0
40,1,0,103,86,16017,0,46.1,0.1
92,2,0,140,78,7494,5,65.3,4.8
29,1,0,108,61,15022,0,60.2,1.4
32,2,0,110,64,18723,0,73.4,0.0
28,1,0,106,73,10527,0,31.7,0.0
49,2,0,144,74,15239,0,41.2,0.1
54,2,0,103,49,8882,0,48.8,0.1
70,1,0,121,80,11909,4,37.5,0.2
25,2,0,109,54,13195,0,48.8,0.0
30,2,0,103,61,6245,0,45.0,0.0
77,2,0,107,60,11300,0,54.6,0.0
87,2,0,135,91,9989,0,43.9,0.0
88,2,0,124,52,11260,0,68.6,0.0
25,1,0,123,74,18108,0,34.2,0.4
87,2,0,132,67,14948,1,46.6,0.0
76,1,0,122,78,17386,0,49.9,0.0
57,1,0,114,61,17716,1,51.2,0.8
55,1,0,113,62,5511,1,47.6,4.9
29,1,0,105,68,7500,0,23.3,0.0
50,1,0,108,55,20997,0,54.9,0.0
81,2,0,121,74,16052,0,85.1,0.3
68,1,0,124,84,11558,0,60.6,0.0
28,1,0,98,53,9030,0,38.1,0.0
75,2,0,105,68,16576,0,86.7,0.9
28,2,0,99,68,8141,0,72.0,0.0
80,2,0,131,81,18219,0,61.9,0.0
71,1,0,169,91,5761,2,36.3,0.0
50,1,0,125,67,7090,6,45.3,1.0
27,1,0,104,61,11590,0,36.9,0.0
70,2,0,96,58,13947,0,58.1,0.2
85,2,0,126,67,6838,0,44.2,0.1
68,2,0,117,59,7778,0,39.0,2.6
65,2,0,137,66,8313,0,45.9,0.0
26,2,0,106,53,13164,0,36.5,0.0
92,1,0,98,55,7590,4,37.3,0.1
56,1,0,110,75,11061,0,42.5,0.0
61,1,0,139,70,8569,0,72.7,1.0
27,1,0,95,54,14127,0,63.7,0.0
76,1,0,122,72,15231,0,60.5,0.1
80,2,0,98,68,19185,0,79.4,0.2
54,2,0,123,73,17784,1,61.2,0.5
50,2,0,108,67,15721,1,61.8,0.0
79,2,0,122,85,13685,0,60.7,0.0
73,2,0,102,73,13183,0,72.5,0.6
67,2,0,104,61,7563,0,56.0,0.1
61,2,0,135,64,9251,0,49.0,0.1
53,1,0,110,46,13210,0,13.8,0.0
34,1,0,134,79,18585,0,47.8,0.2
27,1,0,103,60,12803,0,25.8,0.0
27,1,0,95,60,26081,0,64.8,0.0
28,1,0,88,54,21073,0,48.8,0.0
60,2,0,103,63,14038,0,32.5,0.7
65,1,0,129,67,22539,0,55.6,0.9
46,2,0,101,55,13285,0,43.4,0.0
77,1,0,126,88,15472,0,58.2,0.0
34,1,0,109,81,19287,0,40.6,0.0
35,1,0,96,48,19485,0,42.6,0.1
75,2,0,131,66,3429,2,9.0,0.0
34,2,0,94,60,5837,0,41.8,0.0
88,2,0,131,81,13239,6,68.9,0.1
66,1,0,139,82,7674,0,61.4,0.7
89,1,0,146,78,12036,1,52.7,1.9
25,1,0,100,58,23449,0,29.0,0.2
69,1,0,150,65,10262,1,40.8,0.0
30,2,0,94,59,13754,0,31.5,0.2
58,1,0,125,48,11084,0,46.9,2.8
28,2,0,103,49,8247,0,18.9,0.3
40,1,0,97,48,6761,0,22.7,0.1
33,2,0,108,88,12420,0,71.6,0.1
89,1,0,173,73,4061,1,51.2,0.0
52,1,0,128,69,11069,1,27.8,0.0
67,2,0,114,52,6648,1,31.7,0.0
35,1,0,116,52,12197,0,22.1,1.0
66,1,0,145,72,5928,0,44.4,0.2
78,2,0,132,71,9386,0,5.0,0.2
29,1,0,124,57,13884,0,23.3,0.1
42,2,0,111,67,9939,0,36.9,2.5
56,2,0,105,75,15871,0,95.0,0.0
29,2,0,96,59,12318,0,67.7,0.0
83,2,0,117,77,16599,0,52.3,0.8
92,1,0,115,76,8681,0,66.2,0.0
88,1,0,136,83,10741,2,35.8,0.0
28,1,0,94,55,16273,0,28.8,0.9
78,1,0,115,67,9379,0,26.3,2.1
71,2,0,116,76,6036,0,38.4,0.1
88,2,0,104,64,6229,0,29.9,1.2
35,1,0,97,64,15663,0,30.0,6.0
27,2,0,98,58,9521,0,54.0,0.0
35,1,0,122,71,14630,0,41.0,1.2
56,1,0,120,94,2839,0,50.5,0.0
48,2,0,110,62,15692,0,48.1,2.1
92,1,0,130,84,5819,0,38.3,0.4
50,2,0,97,50,9760,0,32.5,1.0
78,1,0,175,93,9011,0,54.2,2.1
36,1,0,110,57,17020,0,55.0,0.1
89,2,0,156,94,10493,1,59.6,0.4
46,2,0,113,68,6064,0,41.4,0.0
37,1,0,106,80,11109,0,15.0,0.0
92,1,0,119,80,7520,2,62.1,0.0
34,2,0,109,71,9567,0,58.1,0.0
70,1,0,125,100,10268,0,40.1,0.0
78,2,0,138,89,10178,0,60.6,1.3
31,2,0,113,55,10949,1,61.1,0.0
30,2,0,105,71,11336,0,34.7,0.9
29,2,0,117,70,8905,3,37.3,5.2
73,2,0,131,75,12332,0,68.6,0.0
25,2,0,93,55,11237,0,55.4,0.0
69,1,0,119,59,6963,0,54.9,0.0
65,2,0,116,63,15104,0,50.2,0.1
92,1,0,141,71,7014,5,33.4,0.0
62,1,0,149,86,4556,2,53.4,0.7
66,2,0,109,77,12599,4,46.4,0.0
64,1,0,94,45,10961,0,20.8,0.6
28,1,0,109,49,23877,0,21.2,0.0
26,2,0,112,57,16621,0,56.8,0.0
27,1,0,102,45,11280,0,62.3,0.0
30,2,0,97,50,12534,0,34.5,0.2
26,1,0,103,70,19998,0,36.0,0.0
71,2,0,126,68,10191,0,50.3,0.0
31,1,0,112,70,7827,0,77.5,0.3
50,2,0,120,75,14049,1,58.5,0.1
29,1,0,131,80,6395,0,40.0,0.0
85,1,0,131,79,15652,11,66.8,0.2
86,1,0,122,65,3474,1,41.2,0.7
55,1,0,135,68,7376,1,54.7,5.2
37,1,0,102,71,16266,0,36.0,0.0
55,1,0,117,69,11105,0,50.1,1.2
44,1,0,120,61,11529,1,23.4,0.0
34,2,0,107,62,17561,0,31.0,0.0
32,2,0,127,91,11829,0,45.6,0.0
35,1,0,126,78,11694,0,8.2,1.2
46,1,0,127,61,10587,2,31.9,0.5
67,1,0,117,61,15967,0,67.5,0.0
25,1,0,140,80,19194,0,37.1,0.9
29,1,0,151,78,11168,0,34.9,0.0
25,2,0,90,69,13343,0,12.3,0.6
26,2,0,102,81,14844,0,64.1,1.5
74,1,0,145,85,6982,0,49.6,0.1
53,1,0,111,75,10251,2,35.8,0.0
57,1,0,114,62,10361,0,76.8,0.0
88,2,0,115,86,7879,0,69.0,0.0
40,2,0,101,81,10479,2,46.7,0.1
73,1,0,185,87,9167,3,58.8,0.4
25,1,0,102,53,16060,0,5.0,1.7
69,1,0,132,99,8782,0,68.6,1.7
89,2,0,127,64,7671,1,45.2,0.7
76,2,0,130,45,15914,1,67.9,0.4
32,1,0,111,79,9877,0,14.9,0.9
92,1,0,132,73,5648,5,53.3,0.1
27,2,0,106,75,9970,1,33.8,0.4
72,1,0,112,67,17949,3,51.2,8.3
42,2,0,100,74,12847,1,27.9,0.0
31,2,0,106,59,14975,0,55.3,0.0
35,2,0,99,60,10453,0,40.4,1.6
30,1,0,96,51,8995,0,53.3,0.5
47,2,0,123,78,8746,0,57.2,0.0
55,2,0,100,68,9603,0,52.6,0.2
63,1,0,116,72,16767,0,51.8,0.3
44,2,0,104,63,5628,0,58.3,0.3
27,1,0,97,45,10600,0,69.8,0.0
59,1,0,126,55,15185,0,63.0,0.1
80,1,0,115,50,8045,1,37.1,0.0
50,1,0,107,49,19082,2,61.8,0.0
46,2,0,115,73,15386,1,51.7,0.8
25,2,0,81,53,13600,0,35.1,0.0
81,1,0,141,81,6937,4,50.0,0.0
73,2,0,94,48,12429,1,13.5,0.3
67,2,0,98,74,11327,0,47.1,0.5
73,2,0,105,55,11337,6,30.9,1.0
61,2,0,113,65,17229,1,35.1,0.1
58,2,0,114,79,6016,0,57.1,0.2
27,2,0,92,58,4574,0,6.3,0.1
69,1,0,137,72,18706,0,66.9,0.0
92,2,0,126,88,8112,1,56.4,0.1
85,2,0,123,62,1636,0,54.2,0.5
39,1,0,126,71,9084,1,28.5,1.0
42,1,0,132,57,8204,0,55.0,0.2
45,2,0,101,64,11163,0,57.7,0.0
53,2,0,110,78,12459,0,70.0,0.0
73,1,0,97,51,6922,0,24.9,0.0
61,1,0,141,66,9215,0,46.4,0.0
80,2,0,145,61,9191,2,35.0,0.7
50,2,0,135,64,7199,1,15.9,0.0
92,1,0,175,89,11687,0,58.5,1.9
43,2,0,115,83,12695,0,49.2,0.0
62,1,0,130,72,14279,0,62.3,0.0
36,2,0,106,62,18339,0,48.3,0.0
47,2,0,111,74,13723,0,34.0,0.1
59,1,0,103,66,9735,0,43.3,0.0
55,1,0,121,55,7923,0,66.4,0.3
64,1,0,132,99,15873,2,60.1,0.0
37,1,0,108,50,14450,0,70.2,0.0
89,2,0,127,66,7130,1,52.1,0.0
75,2,0,163,91,14876,3,34.0,5.5
79,1,0,131,64,7872,4,23.6,2.3
30,1,0,113,65,8267,0,72.8,0.0
30,1,0,110,60,21505,0,67.0,1.6
80,1,0,93,45,6156,0,42.7,0.6
25,1,0,126,63,12510,0,34.6,1.1
83,2,0,127,68,10497,2,64.4,0.0
90,1,0,151,69,3574,0,90.2,0.0
52,2,0,103,45,7798,0,48.6,0.0
87,1,0,120,73,12001,1,39.0,0.0
50,2,0,106,70,5692,1,5.0,0.1
39,2,0,115,47,12214,0,57.6,0.1
75,2,0,113,67,10996,13,26.5,0.7
30,2,0,110,72,17119,0,66.2,0.0
74,2,0,107,77,11490,3,38.6,0.1
47,2,0,131,72,7424,2,47.6,0.0
27,1,0,103,56,12687,0,34.6,0.0
43,1,0,148,78,15517,0,47.8,0.1
30,1,0,112,62,13939,0,52.8,0.8
85,1,0,132,75,10172,0,44.7,2.4
33,2,0,120,64,16970,0,61.5,1.5
26,1,0,115,62,15060,0,58.9,0.1
33,2,0,92,46,20087,0,70.3,2.1
46,1,0,93,45,13627,0,52.6,2.9
54,2,0,98,51,10407,0,35.3,0.0
82,1,0,98,46,2683,2,66.9,3.9
52,2,0,107,58,11687,0,32.0,4.6
40,2,0,118,69,13877,0,42.1,0.5
59,1,0,115,62,17066,1,16.6,0.1
29,1,0,113,62,17245,0,50.7,0.0
31,2,0,110,51,14799,0,33.7,0.0
27,2,0,101,57,15862,0,25.6,0.8
92,2,0,139,55,3997,1,40.7,0.5
40,1,0,113,73,8196,0,29.5,1.1
65,2,0,124,78,9295,7,25.3,0.7
35,1,0,115,59,9215,0,49.5,0.7
58,2,0,113,53,8553,1,46.6,0.9
78,2,0,149,72,7144,1,18.9,1.2
27,1,0,93,47,8037,0,17.8,0.2
47,1,0,130,79,9557,1,37.2,0.3
87,1,0,127,64,5874,0,75.4,1.2
64,1,0,138,72,13314,0,34.6,2.8
73,1,0,112,76,6524,2,42.0,0.9
27,2,0,91,45,15809,0,37.1,1.2
58,1,0,107,65,7322,1,44.6,0.0
89,1,0,140,89,9598,2,75.7,0.2
28,1,0,115,74,18329,2,13.7,0.0
92,2,0,148,68,7309,4,42.2,1.0
42,2,0,100,66,21809,0,38.5,0.0
66,1,0,105,80,11236,0,45.9,0.0
79,1,0,122,82,11930,1,40.8,0.2
48,2,0,110,53,15413,0,50.8,0.1
49,2,0,131,49,6481,0,31.4,0.4
32,2,0,102,45,13116,0,7.7,0.0
92,2,0,159,77,9699,7,29.7,0.2
38,2,0,112,63,9369,0,26.5,0.0
43,1,0,115,75,17274,0,80.4,0.0
39,2,0,111,77,7309,2,22.7,0.1
31,1,0,133,62,18727,0,59.5,1.0
46,2,0,129,74,9090,0,46.5,0.2
38,1,0,99,68,14145,0,48.5,0.6
42,2,0,113,60,20524,0,58.8,0.3
79,1,0,106,87,6519,7,48.1,0.2
57,1,0,105,76,10395,0,29.7,0.6
42,2,0,101,75,10268,0,35.3,0.6
33,2,0,134,79,21070,0,46.4,0.0
26,2,0,105,62,15582,0,61.6,0.0
79,1,0,112,48,6182,0,25.8,1.4
71,1,0,130,68,13894,0,42.9,0.0
40,2,0,140,53,16607,0,32.6,0.0
77,2,0,110,66,5153,0,72.6,0.0
79,2,0,132,68,15753,4,51.3,2.7
28,1,0,100,65,16083,0,24.8,0.0
67,1,0,141,92,13476,1,37.2,0.4
92,1,0,132,58,2161,8,19.6,0.4
26,2,0,104,60,20676,0,46.8,0.8
70,1,0,120,68,11646,0,73.9,0.1
48,1,0,139,100,12541,0,15.2,0.7
67,2,0,108,76,14493,0,30.7,0.5
42,1,0,132,92,13584,0,58.9,0.0
37,2,0,118,63,8716,0,49.3,1.9
57,2,0,117,90,5997,3,33.7,3.4
54,2,0,110,67,15746,0,54.7,0.0
45,2,0,103,45,5641,0,44.4,0.0
82,2,0,111,76,10020,0,64.3,0.3
27,2,0,94,64,5522,0,35.1,0.0
26,2,0,103,70,9751,0,5.0,1.0
33,1,0,89,51,7366,0,34.7,0.1
35,1,0,100,49,10300,0,30.1,2.0
28,1,0,96,58,7672,0,60.9,1.2
29,2,0,100,57,15400,1,40.2,0.0
27,1,0,94,66,15373,0,17.4,0.0
49,2,0,121,55,8856,1,26.8,0.0
44,2,0,116,62,7253,0,31.7,0.0
38,2,0,98,65,18212,1,42.1,0.0
48,2,0,109,54,15328,0,21.6,1.0
30,2,0,108,45,11242,0,35.0,0.0
92,2,0,138,87,4661,10,64.0,0.6
71,1,0,97,61,7252,1,37.3,0.0
72,1,0,139,87,8164,0,54.3,3.0
92,2,0,151,86,5423,1,66.1,1.4
92,2,0,126,67,8932,1,44.0,0.0
90,2,0,122,90,4504,0,62.1,0.2
51,2,0,120,66,11579,0,33.8,0.2
25,1,0,101,46,20678,0,40.7,1.4
27,1,0,98,64,8906,0,62.7,0.0
32,1,0,103,45,12118,0,52.7,2.6
26,1,0,105,72,16414,0,71.5,0.3
81,1,0,171,75,16875,1,47.9,0.3
53,2,0,106,67,15582,0,59.9,0.4
91,2,0,130,74,10760,0,44.2,0.0
66,2,0,136,63,23657,0,58.9,0.5
29,1,0,99,66,10991,2,41.5,3.9
30,2,0,102,68,7354,0,68.1,0.4
87,1,0,137,77,4206,0,55.0,0.0
60,2,0,103,54,8886,0,36.7,0.3
30,1,0,102,57,7573,0,47.6,0.0
52,2,0,100,65,11426,0,58.2,0.0
26,2,0,96,78,11088,0,46.9,0.1
61,1,0,106,72,8286,0,51.7,2.5
40,2,0,91,72,7228,0,38.0,0.0
27,1,0,95,66,18454,2,26.3,0.2
61,1,0,132,64,9962,0,46.4,5.5
91,1,0,155,92,6526,3,85.5,0.0
27,1,0,112,64,13271,1,53.1,0.0
65,2,0,102,65,10360,0,54.9,1.3
37,1,0,118,63,7714,0,69.5,0.0
81,2,0,120,68,13095,0,62.0,0.7
81,1,0,129,74,8338,0,70.2,0.7
56,1,0,127,68,15648,0,43.8,0.0
25,2,0,91,76,17192,0,51.4,0.0
25,2,0,100,46,8322,0,19.4,0.0
41,1,0,111,70,9240,0,31.3,0.0
75,1,0,108,75,5378,0,38.5,0.0
45,1,0,112,58,11416,1,28.2,3.3
27,2,0,113,66,18282,0,6.8,0.3
30,1,0,114,54,7878,0,17.9,0.0
46,1,0,121,52,17390,1,17.0,0.1
43,1,0,119,53,11240,0,43.1,0.1
68,1,0,133,61,15924,0,58.2,1.7
26,1,0,116,58,15469,0,55.5,0.0
85,1,0,126,49,8230,0,33.1,1.3
75,1,0,145,79,7370,0,28.7,0.0
51,1,0,109,62,10776,0,29.8,0.3
84,1,0,132,82,1529,4,65.5,1.7
70,1,0,108,78,5477,0,24.8,0.4
45,1,0,116,51,7308,0,46.9,0.1
51,1,0,142,80,13466,0,42.8,6.6
42,1,0,101,63,13818,0,10.0,0.0
62,2,0,112,62,4193,1,44.3,0.1
62,2,0,100,80,8034,0,57.6,3.3
28,1,0,115,65,11067,0,53.9,0.0
58,2,0,112,62,3996,1,45.9,0.0
29,1,0,128,67,6209,0,60.6,0.1
58,1,0,114,73,22494,0,63.7,1.0
29,2,0,100,65,16824,0,63.3,0.0
60,2,0,105,59,24543,0,55.4,0.1
69,2,0,114,59,9260,0,53.0,0.0
28,2,0,96,61,12454,0,30.6,1.6
25,1,0,95,62,17658,0,31.9,0.3
67,2,0,137,84,5516,5,36.4,0.0
28,1,0,108,52,14010,0,36.9,0.0
52,2,0,134,81,8425,1,53.0,0.6
25,1,0,100,82,16014,0,64.8,0.0
28,2,0,103,45,14164,0,24.7,0.2
33,2,0,105,62,10358,0,40.6,0.2
85,1,0,123,89,8022,0,61.4,0.0
31,2,0,111,52,17716,0,37.7,7.5
34,2,0,130,76,13026,0,39.7,2.2
92,2,0,140,45,7272,1,29.0,3.8
25,2,0,107,79,12873,0,21.1,0.0
31,2,0,112,53,12001,0,27.3,0.0
88,1,0,143,91,9445,3,90.2,2.9
37,2,0,112,67,10512,5,37.3,0.0
57,2,0,121,58,7349,1,51.1,0.0
65,2,0,116,79,3979,0,63.4,0.0
58,1,0,92,68,11300,0,53.2,0.1
82,2,0,121,71,7871,0,67.0,0.1
51,2,0,91,45,17430,0,30.4,0.4
49,2,0,85,55,12511,0,54.7,0.0
40,1,0,110,63,19648,0,48.6,6.1
38,2,0,105,49,17604,0,43.6,0.0
33,1,0,117,78,9607,1,31.4,0.0
35,1,0,99,54,9758,0,46.9,0.0
52,2,0,133,70,17724,0,42.8,0.7
34,2,0,108,77,18191,1,54.8,1.0
74,1,0,113,64,11810,0,63.0,0.1
34,1,0,97,69,14622,0,74.6,0.0
59,1,0,131,81,13220,0,45.4,0.0
54,2,0,112,63,7871,0,67.8,0.0
58,2,0,113,70,5310,0,60.1,0.0
42,1,0,108,78,14945,0,55.7,0.0
70,1,0,105,70,4561,1,70.7,0.4
37,1,0,105,63,16434,0,64.2,0.0
34,2,0,110,67,4120,0,38.8,0.4
25,1,0,90,65,15750,0,66.6,0.0
92,2,0,126,71,16082,2,61.1,0.0
86,2,0,127,70,15388,1,55.9,0.0
51,2,0,113,79,14106,4,23.8,0.0
42,1,0,106,64,12551,0,31.1,2.2
31,1,0,111,81,8703,0,28.7,0.0
25,1,0,110,45,5645,3,28.3,1.8
91,1,0,129,84,3045,3,65.7,9.6
68,1,0,132,70,21004,0,38.5,1.7
86,2,0,151,77,17394,1,30.8,0.0
47,2,0,93,53,9985,0,46.4,0.2
70,2,0,102,66,3500,2,30.1,0.0
58,1,0,94,61,21279,0,45.6,0.0
46,2,0,134,67,6304,0,48.8,0.0
92,1,0,121,75,3210,2,84.5,2.3
69,1,0,102,72,20049,1,58.0,1.1
85,2,0,129,72,6687,0,33.3,0.1
48,2,0,125,60,12742,0,40.7,0.9
79,1,0,155,84,5575,3,35.3,0.4
27,2,0,120,65,8208,0,26.0,0.2
27,1,0,87,45,17964,0,48.9,0.1
92,1,0,144,77,11511,0,78.4,3.5
92,2,0,135,71,16516,7,50.7,1.2
77,1,0,133,65,8664,0,44.0,0.0
38,2,0,111,53,7795,0,39.9,0.0
85,2,0,109,52,8329,1,31.5,0.1
54,1,0,125,75,3204,0,39.0,0.5
41,2,0,125,82,7241,0,57.7,0.0
57,2,0,103,70,4299,0,75.8,0.0
27,1,0,93,54,4498,0,23.8,0.1
30,1,0,126,90,13389,0,73.9,1.8
92,2,0,126,66,1901,1,64.2,1.3
92,2,0,166,102,7302,2,26.9,0.0
45,1,0,176,59,23155,0,30.1,0.3
87,2,0,118,65,8278,7,80.0,0.0
29,2,0,93,65,7361,0,32.6,0.0
74,1,0,114,59,7519,0,54.1,0.2
92,2,0,119,77,1565,0,42.9,0.0
86,1,0,136,73,8103,0,50.3,0.1
92,2,0,140,77,2613,0,76.3,0.0
27,1,0,114,69,21907,0,53.1,0.0
89,1,0,126,84,4217,0,88.3,0.5
45,1,0,119,72,6508,0,57.7,1.9
92,1,0,136,83,6969,0,51.5,0.0
80,1,0,160,68,11292,0,29.1,1.4
33,1,0,115,64,10835,0,51.9,0.6
55,2,0,112,49,10315,0,43.9,0.8
25,1,0,105,60,19342,0,37.1,1.2
29,1,0,124,52,26647,0,33.5,0.0
50,1,0,106,59,6723,0,40.5,0.2
35,2,0,89,66,10359,0,54.6,0.0
27,1,0,108,58,13626,0,41.9,4.8
27,2,0,138,58,13362,0,20.0,0.6
60,1,0,134,87,10139,0,45.0,0.9
53,2,0,130,79,12942,0,50.1,0.0
61,1,0,107,69,7965,0,44.9,0.0
85,1,0,150,93,13073,0,58.8,1.2
80,1,0,144,78,15975,0,59.4,0.0
70,2,0,127,79,18143,5,61.5,5.9
37,2,0,88,62,7199,0,55.6,1.2
75,1,0,122,53,10366,1,71.2,0.0
30,1,0,104,68,4556,0,38.7,0.0
39,2,0,106,45,11652,0,62.2,0.1
80,1,0,106,83,10318,0,35.9,0.0
50,2,0,110,85,6714,0,26.8,0.0
31,1,0,119,61,9004,0,45.8,0.1
28,1,0,102,67,12553,0,23.9,0.1
55,2,0,111,62,10027,0,38.4,0.6
74,2,0,116,51,4298,0,39.9,0.8
34,2,0,110,55,13275,0,18.0,0.0
59,2,0,111,69,10801,0,44.7,0.0
67,1,0,111,56,5659,0,30.0,0.1
31,2,0,93,50,24394,2,49.4,0.1
66,2,0,151,65,12262,3,45.5,0.2
84,1,0,122,66,3428,0,59.8,0.0
77,2,0,142,67,7442,0,36.0,0.0
46,1,0,119,62,12998,0,57.2,0.0
76,2,0,123,51,12112,3,60.7,2.1
84,1,0,106,58,10251,1,47.0,0.1
37,2,0,114,72,14726,0,46.8,0.6
42,1,0,110,65,10286,1,52.3,0.0
72,2,0,113,49,9587,0,52.7,0.3
34,2,0,105,78,7802,0,48.4,0.0
40,2,0,126,73,15279,0,64.9,0.0
27,1,0,99,46,19090,0,60.8,0.0
27,1,0,100,53,16408,0,47.7,0.1
26,1,0,112,53,12946,1,5.0,5.5
74,1,0,141,83,6451,0,25.0,0.0
68,1,0,136,84,6457,1,54.7,1.3
38,2,0,108,56,17101,1,32.2,0.0
31,1,0,92,45,14036,0,44.5,0.0
35,2,0,92,61,9378,0,38.4,0.0
40,2,0,116,87,10778,0,44.8,1.7
35,1,0,112,83,15584,0,53.2,0.0
78,2,0,126,64,5893,0,49.0,0.1
60,1,0,106,70,14042,0,57.8,0.0
37,1,0,105,60,6661,0,44.8,0.0
85,1,0,108,56,9273,1,44.7,1.9
74,1,0,162,102,5016,2,61.1,0.2
86,2,0,123,94,10574,0,59.9,6.1
27,2,0,98,57,18463,0,34.9,0.0
65,1,0,139,76,12545,4,52.9,0.3
54,2,0,108,63,10537,0,31.9,0.1
92,1,0,147,70,7924,1,67.2,2.9
28,2,0,102,59,13553,0,67.4,0.0
